{
  "name": "angular-animate",
  "version": "1.4.5",
  "main": "./angular-animate.js",
  "ignore": [],
  "dependencies": {
    "angular": "1.4.5"
  },
  "homepage": "https://github.com/angular/bower-angular-animate",
  "_release": "1.4.5",
  "_resolution": {
    "type": "version",
    "tag": "v1.4.5",
    "commit": "830538c7b2faf061471823bbeeb91f86ec54a52b"
  },
  "_source": "git://github.com/angular/bower-angular-animate.git",
  "_target": "^1.3.0 || >1.4.0-beta.0",
  "_originalSource": "angular-animate"
}